SUBBASIN,X,Y
1,-87.62651,35.03136
2,-86.57257,35.22081
3,-86.44517,34.68923
4,-87.36013,34.52718
5,-86.66523,34.34569
